ID;BC_Collectability;BC_Monthly_Installment;BC_Outstanding_CC;API_CreditScore_Vendor_A;API_CreditScore_Vendor_B;Mobile_Provider;Mobile_Number_Active_Since
ABC0001;Collectability 1;86;0;305;192;Telco_A;1. Less_1_month
ABC0002;Collectability 3;74;130;252;86;Telco_A;1. Less_1_month
ABC0003;Collectability 1;27;0;858;97;Telco_A;2. 1_month_to_1_year
ABC0004;Collectability 3;44;81;108;159;Telco_E;2. 1_month_to_1_year
ABC0005;Collectability 2;10;75;487;63;Telco_D;1. Less_1_month
ABC0006;Collectability 3;48;322;595;200;Telco_A;2. 1_month_to_1_year
ABC0007;Collectability 3;13;43;334;172;Telco_C;5. More5_years
ABC0008;Collectability 3;38;5;107;186;Telco_E;5. More5_years
ABC0009;Collectability 3;53;195;45;235;Telco_A;3. 1_to_2_years
ABC0010;Collectability 1;23;0;254;285;Telco_C;1. Less_1_month
ABC0011;Collectability 3;14;95;355;96;Telco_A;2. 1_month_to_1_year
ABC0012;Collectability 3;31;7;462;137;Telco_A;1. Less_1_month
ABC0013;Collectability 3;48;119;127;217;Telco_A;4. 2_to_5_years
ABC0014;Collectability 1;34;0;915;95;Telco_A;1. Less_1_month
ABC0015;Collectability 3;16;59;473;283;Telco_A;3. 1_to_2_years
ABC0016;Collectability 3;24;4;352;166;Telco_A;1. Less_1_month
ABC0017;Collectability 1;22;333;837;231;Telco_A;4. 2_to_5_years
ABC0018;Not Found;0;0;464;86;Telco_C;5. More5_years
ABC0019;Collectability 3;40;107;549;276;Telco_A;4. 2_to_5_years
ABC0020;Collectability 3;96;233;202;92;Telco_C;2. 1_month_to_1_year
ABC0021;Collectability 1;52;0;720;63;Telco_A;1. Less_1_month
ABC0022;Collectability 3;36;74;355;200;Telco_A;2. 1_month_to_1_year
ABC0023;Collectability 1;98;0;576;119;Telco_A;3. 1_to_2_years
ABC0024;Collectability 1;84;0;116;173;Telco_A;5. More5_years
ABC0025;Collectability 1;40;0;730;333;Telco_A;1. Less_1_month
ABC0026;Collectability 3;18;55;383;301;Telco_A;5. More5_years
ABC0027;Not Found;0;0;392;253;Telco_A;3. 1_to_2_years
ABC0028;Collectability 5;44;12;296;203;Telco_B;1. Less_1_month
ABC0029;Collectability 3;17;69;770;223;Telco_A;3. 1_to_2_years
ABC0030;Collectability 2;28;13;52;281;Telco_A;4. 2_to_5_years
ABC0031;Collectability 3;54;50;504;148;Telco_C;4. 2_to_5_years
ABC0032;Collectability 3;24;42;248;243;Telco_C;1. Less_1_month
ABC0033;Collectability 3;40;71;549;208;Telco_C;2. 1_month_to_1_year
ABC0034;Collectability 1;19;0;246;198;Telco_B;1. Less_1_month
ABC0035;Collectability 3;54;326;49;59;Telco_A;5. More5_years
ABC0036;Collectability 1;93;0;422;166;Telco_E;4. 2_to_5_years
ABC0037;Collectability 1;45;0;532;201;Telco_E;3. 1_to_2_years
ABC0038;Collectability 3;33;267;583;170;Telco_C;4. 2_to_5_years
ABC0039;Collectability 3;41;23;215;110;Telco_A;1. Less_1_month
ABC0040;Collectability 3;22;139;193;59;Telco_A;5. More5_years
ABC0041;Collectability 3;24;68;708;107;Telco_D;5. More5_years
ABC0042;Collectability 3;16;55;110;111;Telco_A;3. 1_to_2_years
ABC0043;Collectability 2;32;241;857;203;Telco_A;5. More5_years
ABC0044;Collectability 1;36;0;355;177;Telco_C;5. More5_years
ABC0045;Collectability 1;56;0;860;89;Telco_E;1. Less_1_month
ABC0046;Collectability 1;37;0;732;104;Telco_A;1. Less_1_month
ABC0047;Collectability 3;38;275;476;273;Telco_A;1. Less_1_month
ABC0048;Collectability 3;37;144;446;82;Telco_A;3. 1_to_2_years
ABC0049;Collectability 1;94;0;672;93;Telco_A;1. Less_1_month
ABC0050;Collectability 3;20;39;523;273;Telco_A;5. More5_years
ABC0051;Collectability 2;47;15;421;145;Telco_D;4. 2_to_5_years
ABC0052;Collectability 2;44;265;495;77;Telco_A;3. 1_to_2_years
ABC0053;Collectability 4;43;104;31;314;Telco_A;3. 1_to_2_years
ABC0054;Collectability 3;44;53;458;229;Telco_C;2. 1_month_to_1_year
ABC0055;Collectability 2;27;68;632;195;Telco_E;1. Less_1_month
ABC0056;Collectability 5;246;845;256;174;Telco_B;2. 1_month_to_1_year
ABC0057;Collectability 4;92;429;157;254;Telco_B;3. 1_to_2_years
ABC0058;Collectability 1;73;0;50;176;Telco_E;2. 1_month_to_1_year
ABC0059;Collectability 3;48;319;404;150;Telco_D;4. 2_to_5_years
ABC0060;Collectability 1;53;0;976;57;Telco_A;4. 2_to_5_years
ABC0061;Collectability 3;5;4;699;98;Telco_A;1. Less_1_month
ABC0062;Collectability 1;70;0;463;118;Telco_A;3. 1_to_2_years
ABC0063;Not Found;0;0;425;211;Telco_E;3. 1_to_2_years
ABC0064;Not Found;0;0;159;86;Telco_E;1. Less_1_month
ABC0065;Collectability 3;10;36;373;328;Telco_C;5. More5_years
ABC0066;Collectability 3;30;147;383;238;Telco_A;1. Less_1_month
ABC0067;Collectability 3;46;200;54;193;Telco_B;1. Less_1_month
ABC0068;Collectability 3;33;180;757;125;Telco_B;5. More5_years
ABC0069;Collectability 3;99;370;75;213;Telco_E;2. 1_month_to_1_year
ABC0070;Collectability 3;12;60;744;186;Telco_E;1. Less_1_month
ABC0071;Collectability 3;35;18;325;141;Telco_A;5. More5_years
ABC0072;Collectability 1;99;0;870;220;Telco_A;2. 1_month_to_1_year
ABC0073;Collectability 1;73;0;122;308;Telco_A;5. More5_years
ABC0074;Collectability 1;70;0;259;52;Telco_E;4. 2_to_5_years
ABC0075;Collectability 3;61;227;244;153;Telco_E;3. 1_to_2_years
ABC0076;Collectability 1;57;0;243;161;Telco_A;5. More5_years
ABC0077;Collectability 3;80;621;690;166;Telco_E;1. Less_1_month
ABC0078;Collectability 2;25;35;717;123;Telco_A;1. Less_1_month
ABC0079;Not Found;0;0;17;137;Telco_E;5. More5_years
ABC0080;Collectability 3;20;45;305;297;Telco_C;1. Less_1_month
ABC0081;Collectability 3;75;77;113;211;Telco_D;4. 2_to_5_years
ABC0082;Collectability 3;16;26;417;198;Telco_A;1. Less_1_month
ABC0083;Collectability 3;46;2;392;81;Telco_C;3. 1_to_2_years
ABC0084;Collectability 3;42;114;542;65;Telco_A;1. Less_1_month
ABC0085;Collectability 3;12;9;210;348;Telco_B;1. Less_1_month
ABC0086;Collectability 1;70;0;611;319;Telco_A;2. 1_month_to_1_year
ABC0087;Collectability 1;8;0;824;54;Telco_C;5. More5_years
ABC0088;Collectability 3;34;259;187;67;Telco_E;4. 2_to_5_years
ABC0089;Collectability 3;10;51;378;84;Telco_D;5. More5_years
ABC0090;Not Found;0;0;475;222;Telco_B;1. Less_1_month
ABC0091;Collectability 1;55;0;514;285;Telco_A;4. 2_to_5_years
ABC0092;Collectability 1;6;0;287;301;Telco_B;1. Less_1_month
ABC0093;Collectability 1;93;0;734;80;Telco_B;1. Less_1_month
ABC0094;Collectability 1;46;0;147;190;Telco_C;5. More5_years
ABC0095;Collectability 3;41;138;182;319;Telco_B;1. Less_1_month
ABC0096;Not Found;0;0;361;63;Telco_E;4. 2_to_5_years
ABC0097;Collectability 1;40;0;208;74;Telco_A;3. 1_to_2_years
ABC0098;Collectability 3;38;97;96;130;Telco_D;4. 2_to_5_years
ABC0099;Collectability 1;48;0;432;107;Telco_E;5. More5_years
ABC0100;Collectability 2;6;41;865;237;Telco_D;3. 1_to_2_years
ABC0101;Collectability 3;91;190;769;231;Telco_A;1. Less_1_month
ABC0102;Collectability 3;7;14;50;249;Telco_E;3. 1_to_2_years
ABC0103;Collectability 2;27;175;382;298;Telco_B;2. 1_month_to_1_year
ABC0104;Collectability 1;14;0;749;234;Telco_B;2. 1_month_to_1_year
ABC0105;Collectability 3;53;158;520;214;Telco_A;1. Less_1_month
ABC0106;Collectability 1;49;0;847;160;Telco_D;2. 1_month_to_1_year
ABC0107;Collectability 5;49;357;421;122;Telco_C;3. 1_to_2_years
ABC0108;Collectability 3;26;42;257;151;Telco_A;1. Less_1_month
ABC0109;Collectability 3;29;226;219;338;Telco_A;5. More5_years
ABC0110;Collectability 3;29;237;767;171;Telco_A;3. 1_to_2_years
ABC0111;Collectability 2;55;379;356;336;Telco_B;4. 2_to_5_years
ABC0112;Collectability 3;46;259;519;267;Telco_A;1. Less_1_month
ABC0113;Collectability 3;34;204;358;146;Telco_A;3. 1_to_2_years
ABC0114;Not Found;0;0;611;211;Telco_B;1. Less_1_month
ABC0115;Not Found;0;0;12;275;Telco_A;1. Less_1_month
ABC0116;Not Found;0;0;319;210;Telco_B;1. Less_1_month
ABC0117;Not Found;0;0;117;98;Telco_B;1. Less_1_month
ABC0118;Not Found;0;0;206;135;Telco_A;5. More5_years
ABC0119;Not Found;0;0;100;124;Telco_A;5. More5_years
ABC0120;Collectability 1;78;0;574;331;Telco_A;5. More5_years
ABC0121;Collectability 3;20;106;67;187;Telco_D;2. 1_month_to_1_year
ABC0122;Collectability 1;41;0;280;338;Telco_C;3. 1_to_2_years
ABC0123;Collectability 3;25;27;675;325;Telco_A;3. 1_to_2_years
ABC0124;Collectability 1;78;0;428;66;Telco_A;1. Less_1_month
ABC0125;Collectability 3;49;128;757;75;Telco_C;3. 1_to_2_years
ABC0126;Collectability 1;67;0;254;236;Telco_B;3. 1_to_2_years
ABC0127;Collectability 3;29;184;221;347;Telco_A;2. 1_month_to_1_year
ABC0128;Collectability 3;80;637;504;183;Telco_A;2. 1_month_to_1_year
ABC0129;Collectability 1;92;0;655;65;Telco_A;1. Less_1_month
ABC0130;Collectability 1;35;0;45;295;Telco_A;2. 1_month_to_1_year
ABC0131;Collectability 3;54;203;767;63;Telco_A;1. Less_1_month
ABC0132;Collectability 2;40;119;685;282;Telco_E;4. 2_to_5_years
ABC0133;Collectability 3;46;312;37;84;Telco_A;4. 2_to_5_years
ABC0134;Collectability 3;22;111;663;313;Telco_C;2. 1_month_to_1_year
ABC0135;Collectability 3;25;29;270;83;Telco_E;3. 1_to_2_years
ABC0136;Collectability 1;75;0;793;231;Telco_B;2. 1_month_to_1_year
ABC0137;Collectability 2;39;279;94;182;Telco_C;2. 1_month_to_1_year
ABC0138;Collectability 3;47;269;199;71;Telco_A;1. Less_1_month
ABC0139;Collectability 1;12;0;355;56;Telco_B;1. Less_1_month
ABC0140;Collectability 3;14;58;505;93;Telco_B;2. 1_month_to_1_year
ABC0141;Collectability 3;8;40;672;298;Telco_A;3. 1_to_2_years
ABC0142;Collectability 3;31;41;83;230;Telco_E;5. More5_years
ABC0143;Collectability 3;19;58;569;152;Telco_A;1. Less_1_month
ABC0144;Collectability 3;87;371;674;274;Telco_D;1. Less_1_month
ABC0145;Collectability 1;56;0;672;174;Telco_C;4. 2_to_5_years
ABC0146;Collectability 5;45;265;277;157;Telco_A;1. Less_1_month
ABC0147;Collectability 1;47;0;698;320;Telco_B;5. More5_years
ABC0148;Collectability 1;21;0;269;341;Telco_B;1. Less_1_month
ABC0149;Collectability 1;28;0;448;254;Telco_E;1. Less_1_month
ABC0150;Collectability 1;18;0;387;110;Telco_C;5. More5_years
ABC0151;Collectability 3;40;270;746;59;Telco_A;1. Less_1_month
ABC0152;Collectability 3;18;42;81;109;Telco_A;5. More5_years
ABC0153;Collectability 3;26;139;506;277;Telco_A;5. More5_years
ABC0154;Collectability 1;35;0;195;239;Telco_C;4. 2_to_5_years
ABC0155;Collectability 2;31;256;178;313;Telco_D;2. 1_month_to_1_year
ABC0156;Collectability 3;32;108;161;295;Telco_A;2. 1_month_to_1_year
ABC0157;Collectability 1;29;0;472;189;Telco_B;4. 2_to_5_years
ABC0158;Collectability 5;25;146;412;98;Telco_B;3. 1_to_2_years
ABC0159;Collectability 3;37;285;480;153;Telco_A;1. Less_1_month
ABC0160;Collectability 1;3;0;836;203;Telco_B;5. More5_years
ABC0161;Collectability 1;4;0;670;308;Telco_C;1. Less_1_month
ABC0162;Collectability 1;13;0;134;153;Telco_A;4. 2_to_5_years
ABC0163;Collectability 3;26;113;596;238;Telco_A;3. 1_to_2_years
ABC0164;Collectability 3;33;6;504;342;Telco_A;3. 1_to_2_years
ABC0165;Collectability 3;17;59;277;239;Telco_E;4. 2_to_5_years
ABC0166;Collectability 3;40;215;666;187;Telco_A;1. Less_1_month
ABC0167;Collectability 3;45;202;282;180;Telco_C;4. 2_to_5_years
ABC0168;Collectability 3;42;157;666;145;Telco_A;1. Less_1_month
ABC0169;Collectability 3;16;27;10;263;Telco_D;4. 2_to_5_years
ABC0170;Collectability 1;76;0;121;103;Telco_A;2. 1_month_to_1_year
ABC0171;Not Found;0;0;325;69;Telco_A;5. More5_years
ABC0172;Collectability 3;46;4;15;143;Telco_B;1. Less_1_month
ABC0173;Collectability 2;8;16;875;190;Telco_C;2. 1_month_to_1_year
ABC0174;Collectability 3;35;23;549;327;Telco_A;2. 1_month_to_1_year
ABC0175;Collectability 2;97;501;603;186;Telco_D;2. 1_month_to_1_year
ABC0176;Collectability 5;91;102;9;60;Telco_D;1. Less_1_month
ABC0177;Collectability 3;12;50;547;230;Telco_A;2. 1_month_to_1_year
ABC0178;Collectability 1;34;0;944;336;Telco_A;2. 1_month_to_1_year
ABC0179;Collectability 4;21;126;476;60;Telco_B;2. 1_month_to_1_year
ABC0180;Collectability 1;31;0;763;308;Telco_C;4. 2_to_5_years
ABC0181;Collectability 2;84;596;827;110;Telco_E;4. 2_to_5_years
ABC0182;Collectability 2;36;126;160;289;Telco_E;5. More5_years
ABC0183;Collectability 5;107;163;191;207;Telco_C;2. 1_month_to_1_year
ABC0184;Collectability 1;55;0;908;146;Telco_A;5. More5_years
ABC0185;Collectability 1;100;0;400;112;Telco_D;1. Less_1_month
ABC0186;Collectability 1;68;0;55;190;Telco_B;5. More5_years
ABC0187;Collectability 5;63;236;544;122;Telco_B;1. Less_1_month
ABC0188;Collectability 1;97;0;220;144;Telco_A;1. Less_1_month
ABC0189;Collectability 3;93;290;245;65;Telco_A;2. 1_month_to_1_year
ABC0190;Not Found;0;0;165;169;Telco_C;4. 2_to_5_years
ABC0191;Collectability 3;13;57;608;143;Telco_C;1. Less_1_month
ABC0192;Not Found;0;0;564;155;Telco_E;5. More5_years
ABC0193;Collectability 4;107;140;211;52;Telco_D;3. 1_to_2_years
ABC0194;Collectability 3;12;11;472;138;Telco_A;4. 2_to_5_years
ABC0195;Collectability 4;79;149;102;61;Telco_E;1. Less_1_month
ABC0196;Collectability 1;65;0;823;126;Telco_B;4. 2_to_5_years
ABC0197;Collectability 1;96;0;679;238;Telco_A;5. More5_years
ABC0198;Collectability 3;105;206;202;106;Telco_B;1. Less_1_month
ABC0199;Collectability 3;9;58;587;216;Telco_D;1. Less_1_month
ABC0200;Collectability 2;59;256;698;54;Telco_A;3. 1_to_2_years
ABC0201;Collectability 1;97;300;702;143;Telco_A;4. 2_to_5_years
ABC0202;Collectability 3;47;225;618;121;Telco_B;5. More5_years
ABC0203;Collectability 2;50;32;278;307;Telco_A;3. 1_to_2_years
ABC0204;Collectability 3;60;95;87;226;Telco_A;1. Less_1_month
ABC0205;Collectability 1;87;0;498;304;Telco_A;5. More5_years
ABC0206;Collectability 1;21;0;989;71;Telco_A;5. More5_years
ABC0207;Collectability 1;1;0;81;280;Telco_B;1. Less_1_month
ABC0208;Collectability 1;97;0;803;144;Telco_A;3. 1_to_2_years
ABC0209;Collectability 3;9;74;474;244;Telco_C;4. 2_to_5_years
ABC0210;Collectability 3;13;106;489;173;Telco_A;2. 1_month_to_1_year
ABC0211;Collectability 1;99;0;10;171;Telco_A;5. More5_years
ABC0212;Collectability 3;35;109;193;103;Telco_E;1. Less_1_month
ABC0213;Not Found;0;0;163;219;Telco_D;5. More5_years
ABC0214;Collectability 2;85;347;661;115;Telco_C;1. Less_1_month
ABC0215;Collectability 1;3;0;315;198;Telco_A;5. More5_years
ABC0216;Collectability 1;85;0;670;348;Telco_A;4. 2_to_5_years
ABC0217;Not Found;0;0;735;247;Telco_A;2. 1_month_to_1_year
ABC0218;Collectability 3;42;295;437;108;Telco_E;4. 2_to_5_years
ABC0219;Collectability 3;48;332;287;274;Telco_D;2. 1_month_to_1_year
ABC0220;Collectability 3;49;346;38;232;Telco_A;5. More5_years
ABC0221;Collectability 3;45;357;729;114;Telco_B;4. 2_to_5_years
ABC0222;Collectability 3;34;238;31;81;Telco_B;2. 1_month_to_1_year
ABC0223;Collectability 3;40;119;463;137;Telco_A;1. Less_1_month
ABC0224;Collectability 2;46;238;806;104;Telco_B;4. 2_to_5_years
ABC0225;Collectability 3;53;16;212;126;Telco_A;5. More5_years
ABC0226;Not Found;0;0;475;289;Telco_A;1. Less_1_month
ABC0227;Collectability 3;92;69;220;295;Telco_E;2. 1_month_to_1_year
ABC0228;Collectability 3;91;412;557;232;Telco_B;1. Less_1_month
ABC0229;Collectability 3;103;265;101;89;Telco_A;2. 1_month_to_1_year
ABC0230;Collectability 3;24;153;35;118;Telco_C;1. Less_1_month
ABC0231;Collectability 3;61;459;66;87;Telco_E;1. Less_1_month
ABC0232;Collectability 3;37;247;546;311;Telco_A;3. 1_to_2_years
ABC0233;Collectability 3;9;32;134;322;Telco_A;5. More5_years
ABC0234;Collectability 3;17;102;27;171;Telco_D;5. More5_years
ABC0235;Collectability 1;56;0;272;149;Telco_A;2. 1_month_to_1_year
ABC0236;Collectability 3;84;136;603;174;Telco_D;2. 1_month_to_1_year
ABC0237;Collectability 3;88;143;4;229;Telco_A;2. 1_month_to_1_year
ABC0238;Collectability 3;109;635;29;72;Telco_C;3. 1_to_2_years
ABC0239;Collectability 1;85;0;701;116;Telco_B;4. 2_to_5_years
ABC0240;Collectability 3;33;166;728;190;Telco_A;4. 2_to_5_years
ABC0241;Collectability 3;43;222;77;130;Telco_D;4. 2_to_5_years
ABC0242;Collectability 3;55;356;202;91;Telco_B;2. 1_month_to_1_year
ABC0243;Not Found;0;0;624;95;Telco_E;1. Less_1_month
ABC0244;Collectability 1;74;0;912;54;Telco_B;2. 1_month_to_1_year
ABC0245;Collectability 5;41;235;236;197;Telco_B;3. 1_to_2_years
ABC0246;Collectability 3;28;40;78;55;Telco_A;1. Less_1_month
ABC0247;Collectability 1;8;0;93;199;Telco_A;4. 2_to_5_years
ABC0248;Not Found;0;0;68;146;Telco_A;5. More5_years
ABC0249;Collectability 3;26;192;420;102;Telco_D;2. 1_month_to_1_year
ABC0250;Collectability 3;0;197;198;130;Telco_A;2. 1_month_to_1_year
ABC0251;Collectability 1;61;0;320;214;Telco_A;4. 2_to_5_years
ABC0252;Collectability 3;35;208;546;348;Telco_B;3. 1_to_2_years
ABC0253;Collectability 3;55;6;372;295;Telco_D;1. Less_1_month
ABC0254;Collectability 2;33;90;558;155;Telco_D;2. 1_month_to_1_year
ABC0255;Collectability 3;12;8;17;80;Telco_A;2. 1_month_to_1_year
ABC0256;Collectability 2;39;154;91;186;Telco_E;4. 2_to_5_years
ABC0257;Collectability 1;57;0;466;247;Telco_D;1. Less_1_month
ABC0258;Collectability 5;103;298;115;226;Telco_A;1. Less_1_month
ABC0259;Collectability 3;100;109;551;338;Telco_B;5. More5_years
ABC0260;Collectability 1;57;0;451;78;Telco_A;5. More5_years
ABC0261;Collectability 3;40;122;73;250;Telco_A;4. 2_to_5_years
ABC0262;Collectability 3;25;190;310;213;Telco_A;1. Less_1_month
ABC0263;Collectability 1;69;0;626;132;Telco_C;3. 1_to_2_years
ABC0264;Collectability 1;89;0;549;318;Telco_B;1. Less_1_month
ABC0265;Collectability 1;46;0;311;313;Telco_A;4. 2_to_5_years
ABC0266;Collectability 3;79;75;716;234;Telco_A;3. 1_to_2_years
ABC0267;Collectability 1;79;0;772;312;Telco_E;1. Less_1_month
ABC0268;Collectability 3;17;46;475;240;Telco_C;3. 1_to_2_years
ABC0269;Collectability 3;16;121;261;270;Telco_A;1. Less_1_month
ABC0270;Collectability 3;12;59;210;154;Telco_D;2. 1_month_to_1_year
ABC0271;Collectability 3;26;123;184;130;Telco_A;1. Less_1_month
ABC0272;Collectability 1;50;0;738;111;Telco_A;1. Less_1_month
ABC0273;Collectability 5;46;104;163;210;Telco_E;1. Less_1_month
ABC0274;Collectability 3;24;183;697;293;Telco_E;5. More5_years
ABC0275;Collectability 3;32;240;401;277;Telco_D;1. Less_1_month
ABC0276;Collectability 3;47;199;393;192;Telco_A;1. Less_1_month
ABC0277;Collectability 1;54;0;252;302;Telco_C;3. 1_to_2_years
ABC0278;Collectability 3;38;241;590;156;Telco_A;4. 2_to_5_years
ABC0279;Collectability 3;93;423;529;216;Telco_A;2. 1_month_to_1_year
ABC0280;Collectability 3;109;10;428;120;Telco_D;2. 1_month_to_1_year
ABC0281;Collectability 1;67;0;70;140;Telco_A;4. 2_to_5_years
ABC0282;Collectability 3;44;53;433;106;Telco_B;2. 1_month_to_1_year
ABC0283;Collectability 5;7;13;510;252;Telco_C;1. Less_1_month
ABC0284;Collectability 1;83;0;322;86;Telco_B;1. Less_1_month
ABC0285;Collectability 1;103;0;393;244;Telco_D;4. 2_to_5_years
ABC0286;Collectability 3;13;106;59;232;Telco_A;2. 1_month_to_1_year
ABC0287;Collectability 3;8;2;232;309;Telco_A;4. 2_to_5_years
ABC0288;Collectability 2;20;126;130;93;Telco_E;1. Less_1_month
ABC0289;Collectability 3;36;158;755;303;Telco_A;1. Less_1_month
ABC0290;Collectability 2;64;493;237;275;Telco_D;1. Less_1_month
ABC0291;Collectability 3;45;25;239;334;Telco_A;5. More5_years
ABC0292;Collectability 3;0;0;480;126;Telco_E;4. 2_to_5_years
ABC0293;Collectability 1;35;0;401;69;Telco_D;4. 2_to_5_years
ABC0294;Collectability 1;82;0;354;57;Telco_E;5. More5_years
ABC0295;Collectability 1;188;1667;66;276;Telco_E;4. 2_to_5_years
ABC0296;Collectability 4;19;79;586;93;Telco_E;2. 1_month_to_1_year
ABC0297;Collectability 3;38;213;273;191;Telco_B;3. 1_to_2_years
ABC0298;Collectability 3;14;16;41;123;Telco_A;4. 2_to_5_years
ABC0299;Collectability 3;22;167;719;165;Telco_C;5. More5_years
ABC0300;Collectability 1;10;0;783;230;Telco_A;5. More5_years
ABC0301;Collectability 4;26;47;191;165;Telco_A;3. 1_to_2_years
ABC0302;Not Found;0;0;118;241;Telco_E;3. 1_to_2_years
ABC0303;Collectability 1;19;0;559;252;Telco_D;5. More5_years
ABC0304;Collectability 1;67;0;4;289;Telco_B;5. More5_years
ABC0305;Collectability 1;88;0;755;243;Telco_E;1. Less_1_month
ABC0306;Collectability 3;13;15;152;181;Telco_A;5. More5_years
ABC0307;Collectability 3;25;68;401;93;Telco_A;1. Less_1_month
ABC0308;Collectability 3;75;445;164;259;Telco_A;5. More5_years
ABC0309;Collectability 3;44;134;209;228;Telco_A;3. 1_to_2_years
ABC0310;Collectability 3;35;9;389;327;Telco_A;4. 2_to_5_years
ABC0311;Collectability 3;22;13;526;93;Telco_E;1. Less_1_month
ABC0312;Collectability 3;37;34;25;105;Telco_D;1. Less_1_month
ABC0313;Collectability 3;39;221;754;289;Telco_A;3. 1_to_2_years
ABC0314;Collectability 3;52;37;71;130;Telco_A;2. 1_month_to_1_year
ABC0315;Collectability 3;40;73;762;61;Telco_A;3. 1_to_2_years
ABC0316;Collectability 5;20;162;66;150;Telco_E;1. Less_1_month
ABC0317;Collectability 3;34;74;244;195;Telco_A;5. More5_years
ABC0318;Collectability 3;5;35;756;84;Telco_C;4. 2_to_5_years
ABC0319;Collectability 1;8;83;310;120;Telco_B;1. Less_1_month
ABC0320;Collectability 2;31;84;750;84;Telco_A;3. 1_to_2_years
ABC0321;Collectability 1;22;0;149;190;Telco_C;2. 1_month_to_1_year
ABC0322;Collectability 3;26;183;43;220;Telco_C;3. 1_to_2_years
ABC0323;Collectability 3;47;328;334;77;Telco_D;4. 2_to_5_years
ABC0324;Collectability 3;25;164;217;234;Telco_D;1. Less_1_month
ABC0325;Collectability 1;96;0;753;58;Telco_D;3. 1_to_2_years
ABC0326;Collectability 1;9;0;693;278;Telco_A;3. 1_to_2_years
ABC0327;Collectability 1;85;0;427;155;Telco_A;4. 2_to_5_years
ABC0328;Collectability 3;15;4;696;275;Telco_A;1. Less_1_month
ABC0329;Collectability 3;54;29;443;55;Telco_A;5. More5_years
ABC0330;Collectability 3;19;53;747;155;Telco_A;1. Less_1_month
ABC0331;Collectability 1;39;0;210;245;Telco_A;1. Less_1_month
ABC0332;Collectability 1;76;0;100;257;Telco_A;2. 1_month_to_1_year
ABC0333;Collectability 3;104;304;470;167;Telco_A;2. 1_month_to_1_year
ABC0334;Collectability 1;38;0;182;122;Telco_E;3. 1_to_2_years
ABC0335;Not Found;0;0;169;282;Telco_D;3. 1_to_2_years
ABC0336;Collectability 1;46;0;101;291;Telco_A;1. Less_1_month
ABC0337;Collectability 3;29;22;577;271;Telco_B;3. 1_to_2_years
ABC0338;Collectability 3;64;43;696;115;Telco_B;4. 2_to_5_years
ABC0339;Collectability 3;13;85;534;171;Telco_A;1. Less_1_month
ABC0340;Collectability 3;42;142;611;333;Telco_B;1. Less_1_month
ABC0341;Collectability 1;56;0;470;159;Telco_B;1. Less_1_month
ABC0342;Collectability 3;18;124;310;183;Telco_B;4. 2_to_5_years
ABC0343;Collectability 3;29;164;259;168;Telco_A;1. Less_1_month
ABC0344;Collectability 3;18;66;217;72;Telco_A;5. More5_years
ABC0345;Collectability 3;13;32;689;322;Telco_B;2. 1_month_to_1_year
ABC0346;Collectability 1;37;0;228;342;Telco_B;4. 2_to_5_years
ABC0347;Collectability 1;48;0;892;336;Telco_A;2. 1_month_to_1_year
ABC0348;Collectability 3;50;82;447;180;Telco_D;5. More5_years
ABC0349;Collectability 2;43;206;142;272;Telco_A;1. Less_1_month
ABC0350;Collectability 1;90;0;499;164;Telco_A;1. Less_1_month
ABC0351;Collectability 3;21;166;171;111;Telco_B;2. 1_month_to_1_year
ABC0352;Collectability 3;91;484;169;103;Telco_A;3. 1_to_2_years
ABC0353;Collectability 1;76;0;35;182;Telco_D;5. More5_years
ABC0354;Not Found;0;0;562;148;Telco_B;3. 1_to_2_years
ABC0355;Collectability 3;38;287;248;294;Telco_A;1. Less_1_month
ABC0356;Collectability 3;75;495;183;79;Telco_D;1. Less_1_month
ABC0357;Collectability 1;29;0;390;219;Telco_A;4. 2_to_5_years
ABC0358;Collectability 2;25;35;87;246;Telco_E;2. 1_month_to_1_year
ABC0359;Collectability 3;43;22;210;79;Telco_A;2. 1_month_to_1_year
ABC0360;Collectability 3;105;5;571;220;Telco_C;2. 1_month_to_1_year
ABC0361;Collectability 3;36;31;194;137;Telco_A;3. 1_to_2_years
ABC0362;Collectability 3;49;211;627;231;Telco_A;3. 1_to_2_years
ABC0363;Collectability 2;30;34;397;338;Telco_A;4. 2_to_5_years
ABC0364;Collectability 3;34;213;256;135;Telco_B;2. 1_month_to_1_year
ABC0365;Collectability 3;101;821;171;229;Telco_A;4. 2_to_5_years
ABC0366;Collectability 3;46;130;42;236;Telco_B;5. More5_years
ABC0367;Collectability 1;93;0;220;285;Telco_C;4. 2_to_5_years
ABC0368;Collectability 3;19;33;251;344;Telco_D;3. 1_to_2_years
ABC0369;Collectability 3;40;162;567;112;Telco_E;2. 1_month_to_1_year
ABC0370;Collectability 3;17;105;446;87;Telco_C;2. 1_month_to_1_year
ABC0371;Collectability 3;25;144;636;151;Telco_E;4. 2_to_5_years
ABC0372;Collectability 1;2;0;947;308;Telco_A;5. More5_years
ABC0373;Collectability 1;88;0;74;53;Telco_A;1. Less_1_month
ABC0374;Collectability 1;22;0;90;194;Telco_A;3. 1_to_2_years
ABC0375;Collectability 5;19;77;487;212;Telco_E;1. Less_1_month
ABC0376;Collectability 5;23;111;118;156;Telco_E;1. Less_1_month
ABC0377;Collectability 2;54;91;701;299;Telco_A;4. 2_to_5_years
ABC0378;Collectability 2;54;210;794;341;Telco_B;5. More5_years
ABC0379;Collectability 3;43;128;554;273;Telco_E;1. Less_1_month
ABC0380;Collectability 1;95;0;890;274;Telco_A;1. Less_1_month
ABC0381;Collectability 3;36;178;386;322;Telco_D;3. 1_to_2_years
ABC0382;Collectability 3;90;722;588;162;Telco_D;1. Less_1_month
ABC0383;Collectability 3;54;124;263;89;Telco_A;4. 2_to_5_years
ABC0384;Collectability 3;26;48;761;196;Telco_A;5. More5_years
ABC0385;Collectability 2;123;84;878;63;Telco_C;4. 2_to_5_years
ABC0386;Collectability 1;64;0;320;141;Telco_D;4. 2_to_5_years
ABC0387;Collectability 3;41;243;587;75;Telco_C;5. More5_years
ABC0388;Collectability 1;33;0;523;218;Telco_C;4. 2_to_5_years
ABC0389;Collectability 1;46;0;14;301;Telco_A;3. 1_to_2_years
ABC0390;Collectability 3;23;91;422;337;Telco_B;1. Less_1_month
ABC0391;Collectability 3;14;61;100;307;Telco_D;3. 1_to_2_years
ABC0392;Collectability 3;37;254;14;146;Telco_A;4. 2_to_5_years
ABC0393;Collectability 3;20;100;684;80;Telco_E;3. 1_to_2_years
ABC0394;Collectability 1;11;0;298;233;Telco_B;4. 2_to_5_years
ABC0395;Collectability 1;50;0;15;335;Telco_A;2. 1_month_to_1_year
ABC0396;Collectability 2;16;85;688;137;Telco_E;1. Less_1_month
ABC0397;Collectability 3;27;82;572;168;Telco_A;2. 1_month_to_1_year
ABC0398;Collectability 1;75;0;165;110;Telco_A;2. 1_month_to_1_year
ABC0399;Collectability 3;50;62;747;239;Telco_A;2. 1_month_to_1_year
ABC0400;Collectability 1;16;0;490;65;Telco_C;2. 1_month_to_1_year
ABC0401;Collectability 3;26;83;138;176;Telco_C;4. 2_to_5_years
ABC0402;Collectability 1;26;0;627;254;Telco_D;2. 1_month_to_1_year
ABC0403;Collectability 2;60;449;367;81;Telco_C;2. 1_month_to_1_year
ABC0404;Collectability 2;53;303;886;276;Telco_B;4. 2_to_5_years
ABC0405;Collectability 2;21;167;501;283;Telco_C;5. More5_years
ABC0406;Collectability 3;62;68;237;172;Telco_A;1. Less_1_month
ABC0407;Collectability 1;55;0;66;239;Telco_C;2. 1_month_to_1_year
ABC0408;Not Found;0;0;389;296;Telco_A;3. 1_to_2_years
ABC0409;Not Found;0;0;194;184;Telco_D;2. 1_month_to_1_year
ABC0410;Not Found;0;0;408;241;Telco_B;1. Less_1_month
ABC0411;Not Found;0;0;332;182;Telco_C;2. 1_month_to_1_year
ABC0412;Collectability 1;77;0;674;276;Telco_A;2. 1_month_to_1_year
ABC0413;Collectability 1;17;0;148;101;Telco_B;2. 1_month_to_1_year
ABC0414;Collectability 3;90;277;279;112;Telco_A;2. 1_month_to_1_year
ABC0415;Not Found;0;0;164;51;Telco_A;4. 2_to_5_years
ABC0416;Collectability 1;59;0;273;260;Telco_E;4. 2_to_5_years
ABC0417;Collectability 3;47;274;447;83;Telco_B;3. 1_to_2_years
ABC0418;Collectability 2;23;55;580;277;Telco_D;2. 1_month_to_1_year
ABC0419;Collectability 3;35;23;757;344;Telco_A;5. More5_years
ABC0420;Collectability 3;72;119;143;135;Telco_C;2. 1_month_to_1_year
ABC0421;Collectability 3;43;173;753;115;Telco_A;4. 2_to_5_years
ABC0422;Collectability 3;21;171;744;97;Telco_A;5. More5_years
ABC0423;Collectability 1;23;0;190;105;Telco_A;3. 1_to_2_years
ABC0424;Collectability 2;44;359;564;320;Telco_A;1. Less_1_month
ABC0425;Collectability 3;94;711;473;83;Telco_A;4. 2_to_5_years
ABC0426;Collectability 3;54;131;683;125;Telco_D;1. Less_1_month
ABC0427;Collectability 1;13;0;322;268;Telco_A;5. More5_years
ABC0428;Collectability 1;99;0;91;242;Telco_C;4. 2_to_5_years
ABC0429;Collectability 3;16;14;127;83;Telco_A;5. More5_years
ABC0430;Collectability 1;15;0;309;155;Telco_D;2. 1_month_to_1_year
ABC0431;Collectability 3;38;102;430;296;Telco_B;4. 2_to_5_years
ABC0432;Collectability 3;101;837;627;281;Telco_C;5. More5_years
ABC0433;Collectability 1;93;0;548;66;Telco_A;4. 2_to_5_years
ABC0434;Collectability 1;6;0;521;290;Telco_D;2. 1_month_to_1_year
ABC0435;Collectability 3;43;304;564;105;Telco_A;4. 2_to_5_years
ABC0436;Collectability 3;42;110;555;67;Telco_B;2. 1_month_to_1_year
ABC0437;Collectability 3;44;33;772;310;Telco_B;4. 2_to_5_years
ABC0438;Collectability 1;73;0;639;83;Telco_A;2. 1_month_to_1_year
ABC0439;Collectability 1;58;0;7;193;Telco_A;4. 2_to_5_years
ABC0440;Collectability 5;81;322;532;196;Telco_A;3. 1_to_2_years
ABC0441;Collectability 4;40;204;177;132;Telco_A;3. 1_to_2_years
ABC0442;Collectability 3;35;131;688;279;Telco_A;2. 1_month_to_1_year
ABC0443;Collectability 2;27;50;854;218;Telco_D;1. Less_1_month
ABC0444;Collectability 3;64;123;699;285;Telco_B;4. 2_to_5_years
ABC0445;Collectability 1;72;0;57;135;Telco_E;2. 1_month_to_1_year
ABC0446;Collectability 1;90;0;267;207;Telco_A;1. Less_1_month
ABC0447;Collectability 3;13;103;159;290;Telco_E;2. 1_month_to_1_year
ABC0448;Collectability 3;8;16;497;66;Telco_B;2. 1_month_to_1_year
ABC0449;Collectability 3;31;48;556;112;Telco_B;4. 2_to_5_years
ABC0450;Collectability 2;69;342;813;185;Telco_B;1. Less_1_month
ABC0451;Collectability 1;42;0;816;192;Telco_E;3. 1_to_2_years
ABC0452;Collectability 3;50;26;206;286;Telco_A;1. Less_1_month
ABC0453;Not Found;0;0;489;232;Telco_A;5. More5_years
ABC0454;Collectability 3;52;272;86;250;Telco_D;2. 1_month_to_1_year
ABC0455;Collectability 3;12;25;190;142;Telco_C;5. More5_years
ABC0456;Collectability 3;44;142;608;145;Telco_C;4. 2_to_5_years
ABC0457;Collectability 1;11;0;947;64;Telco_A;4. 2_to_5_years
ABC0458;Collectability 3;85;452;122;77;Telco_A;3. 1_to_2_years
ABC0459;Collectability 3;45;248;409;118;Telco_A;1. Less_1_month
ABC0460;Collectability 3;37;172;282;322;Telco_C;2. 1_month_to_1_year
ABC0461;Collectability 3;6;22;702;254;Telco_A;4. 2_to_5_years
ABC0462;Collectability 3;48;203;497;85;Telco_B;3. 1_to_2_years
ABC0463;Collectability 3;46;28;217;112;Telco_A;1. Less_1_month
ABC0464;Collectability 3;44;144;746;278;Telco_A;3. 1_to_2_years
ABC0465;Collectability 3;13;74;441;139;Telco_D;5. More5_years
ABC0466;Collectability 3;17;50;219;77;Telco_D;5. More5_years
ABC0467;Collectability 2;92;185;34;66;Telco_D;1. Less_1_month
ABC0468;Collectability 2;27;151;428;324;Telco_E;1. Less_1_month
ABC0469;Collectability 2;48;250;470;53;Telco_A;2. 1_month_to_1_year
ABC0470;Collectability 2;33;158;513;260;Telco_C;5. More5_years
ABC0471;Collectability 3;14;111;170;294;Telco_C;2. 1_month_to_1_year
ABC0472;Collectability 3;44;155;575;228;Telco_B;5. More5_years
ABC0473;Collectability 3;82;490;469;224;Telco_B;1. Less_1_month
ABC0474;Collectability 3;8;8;463;318;Telco_B;1. Less_1_month
ABC0475;Collectability 1;64;0;196;66;Telco_C;4. 2_to_5_years
ABC0476;Not Found;0;0;66;141;Telco_D;5. More5_years
ABC0477;Collectability 3;7;52;305;203;Telco_E;1. Less_1_month
ABC0478;Collectability 3;28;234;684;188;Telco_C;5. More5_years
ABC0479;Collectability 3;25;168;555;63;Telco_A;3. 1_to_2_years
ABC0480;Collectability 1;77;0;246;109;Telco_A;1. Less_1_month
ABC0481;Collectability 1;95;0;74;138;Telco_A;1. Less_1_month
ABC0482;Collectability 3;49;135;139;207;Telco_A;1. Less_1_month
ABC0483;Collectability 3;15;90;109;199;Telco_D;1. Less_1_month
ABC0484;Collectability 2;11;67;76;259;Telco_B;5. More5_years
ABC0485;Collectability 1;23;1667;200;347;Telco_A;5. More5_years
ABC0486;Collectability 2;40;162;684;267;Telco_A;1. Less_1_month
ABC0487;Collectability 3;30;5;674;288;Telco_B;2. 1_month_to_1_year
ABC0488;Collectability 3;25;158;200;111;Telco_C;3. 1_to_2_years
ABC0489;Collectability 3;22;146;567;295;Telco_B;1. Less_1_month
ABC0490;Collectability 3;30;64;454;99;Telco_A;3. 1_to_2_years
ABC0491;Collectability 1;64;0;502;295;Telco_B;2. 1_month_to_1_year
ABC0492;Not Found;0;0;313;60;Telco_A;3. 1_to_2_years
ABC0493;Collectability 1;84;0;983;122;Telco_A;1. Less_1_month
ABC0494;Collectability 3;41;86;684;137;Telco_A;4. 2_to_5_years
ABC0495;Collectability 1;28;0;362;138;Telco_B;4. 2_to_5_years
ABC0496;Collectability 3;42;159;364;113;Telco_A;1. Less_1_month
ABC0497;Collectability 3;104;549;581;189;Telco_E;4. 2_to_5_years
ABC0498;Collectability 1;9;267;239;248;Telco_C;2. 1_month_to_1_year
ABC0499;Collectability 3;29;186;152;241;Telco_C;3. 1_to_2_years
ABC0500;Collectability 1;67;0;679;262;Telco_A;5. More5_years
ABC0501;Collectability 3;36;222;195;88;Telco_D;1. Less_1_month
ABC0502;Collectability 3;7;32;599;90;Telco_A;2. 1_month_to_1_year
ABC0503;Collectability 3;36;294;733;349;Telco_B;3. 1_to_2_years
ABC0504;Collectability 1;5;0;726;62;Telco_C;5. More5_years
ABC0505;Collectability 3;102;433;282;157;Telco_D;2. 1_month_to_1_year
ABC0506;Collectability 3;11;41;750;160;Telco_B;3. 1_to_2_years
ABC0507;Collectability 1;14;0;890;153;Telco_A;3. 1_to_2_years
ABC0508;Collectability 5;36;83;426;136;Telco_B;1. Less_1_month
ABC0509;Collectability 3;27;185;710;244;Telco_A;5. More5_years
ABC0510;Collectability 3;84;308;284;109;Telco_E;4. 2_to_5_years
ABC0511;Collectability 3;108;842;353;110;Telco_B;4. 2_to_5_years
ABC0512;Collectability 3;34;92;287;188;Telco_E;4. 2_to_5_years
ABC0513;Collectability 3;34;248;544;340;Telco_B;3. 1_to_2_years
ABC0514;Collectability 2;26;89;248;213;Telco_A;4. 2_to_5_years
ABC0515;Collectability 3;31;24;369;114;Telco_D;5. More5_years
ABC0516;Collectability 1;87;0;739;77;Telco_B;1. Less_1_month
ABC0517;Collectability 1;47;0;398;128;Telco_A;5. More5_years
ABC0518;Collectability 1;47;0;99;83;Telco_E;5. More5_years
ABC0519;Collectability 3;25;187;669;200;Telco_A;2. 1_month_to_1_year
ABC0520;Collectability 1;34;0;999;118;Telco_A;5. More5_years
ABC0521;Collectability 1;89;0;307;149;Telco_D;5. More5_years
ABC0522;Collectability 4;80;9;258;240;Telco_A;3. 1_to_2_years
ABC0523;Not Found;0;0;48;91;Telco_E;1. Less_1_month
ABC0524;Collectability 3;31;60;313;114;Telco_D;5. More5_years
ABC0525;Collectability 3;43;276;425;242;Telco_C;2. 1_month_to_1_year
ABC0526;Collectability 3;13;94;615;74;Telco_C;5. More5_years
ABC0527;Not Found;0;0;625;268;Telco_B;1. Less_1_month
ABC0528;Collectability 1;36;0;296;350;Telco_B;2. 1_month_to_1_year
ABC0529;Collectability 3;0;0;117;211;Telco_E;4. 2_to_5_years
ABC0530;Collectability 3;51;256;15;82;Telco_B;1. Less_1_month
ABC0531;Collectability 3;42;59;301;203;Telco_E;4. 2_to_5_years
ABC0532;Collectability 3;22;51;238;70;Telco_A;1. Less_1_month
ABC0533;Collectability 2;15;17;177;168;Telco_A;1. Less_1_month
ABC0534;Collectability 3;50;230;430;300;Telco_D;4. 2_to_5_years
ABC0535;Collectability 3;18;70;554;112;Telco_A;5. More5_years
ABC0536;Collectability 1;6;0;704;228;Telco_C;1. Less_1_month
ABC0537;Collectability 3;12;33;50;123;Telco_A;2. 1_month_to_1_year
ABC0538;Collectability 1;44;0;536;79;Telco_A;2. 1_month_to_1_year
ABC0539;Collectability 3;46;356;477;142;Telco_A;2. 1_month_to_1_year
ABC0540;Collectability 3;20;87;124;176;Telco_D;2. 1_month_to_1_year
ABC0541;Collectability 3;57;65;450;281;Telco_B;1. Less_1_month
ABC0542;Collectability 2;9;53;222;94;Telco_A;1. Less_1_month
ABC0543;Collectability 3;57;437;296;230;Telco_D;3. 1_to_2_years
ABC0544;Collectability 3;32;175;91;140;Telco_D;2. 1_month_to_1_year
ABC0545;Collectability 1;65;0;921;240;Telco_A;5. More5_years
ABC0546;Collectability 2;102;419;839;183;Telco_D;5. More5_years
ABC0547;Collectability 1;35;0;928;229;Telco_C;4. 2_to_5_years
ABC0548;Collectability 3;51;393;666;124;Telco_A;4. 2_to_5_years
ABC0549;Collectability 5;42;15;481;116;Telco_B;1. Less_1_month
ABC0550;Collectability 1;49;0;303;53;Telco_E;5. More5_years
ABC0551;Collectability 1;61;0;938;55;Telco_B;4. 2_to_5_years
ABC0552;Collectability 5;36;221;485;241;Telco_A;3. 1_to_2_years
ABC0553;Collectability 3;71;145;9;108;Telco_E;5. More5_years
ABC0554;Collectability 1;63;0;747;284;Telco_A;2. 1_month_to_1_year
ABC0555;Collectability 3;38;42;337;155;Telco_A;2. 1_month_to_1_year
ABC0556;Collectability 3;108;186;470;275;Telco_A;3. 1_to_2_years
ABC0557;Not Found;0;0;437;67;Telco_A;1. Less_1_month
ABC0558;Not Found;0;0;658;50;Telco_D;2. 1_month_to_1_year
ABC0559;Collectability 5;64;182;234;260;Telco_C;3. 1_to_2_years
ABC0560;Collectability 1;70;0;692;77;Telco_C;1. Less_1_month
ABC0561;Collectability 4;32;253;268;109;Telco_C;1. Less_1_month
ABC0562;Collectability 5;103;713;438;248;Telco_C;1. Less_1_month
ABC0563;Collectability 2;41;145;161;263;Telco_A;5. More5_years
ABC0564;Collectability 3;82;12;680;57;Telco_E;1. Less_1_month
ABC0565;Collectability 2;40;313;598;103;Telco_D;2. 1_month_to_1_year
ABC0566;Collectability 2;14;21;648;68;Telco_D;2. 1_month_to_1_year
ABC0567;Collectability 3;41;51;124;55;Telco_B;1. Less_1_month
ABC0568;Collectability 1;23;0;381;289;Telco_D;5. More5_years
ABC0569;Collectability 3;17;115;214;330;Telco_A;5. More5_years
ABC0570;Collectability 3;10;77;382;125;Telco_A;1. Less_1_month
ABC0571;Collectability 3;40;142;326;279;Telco_A;1. Less_1_month
ABC0572;Collectability 1;89;0;136;223;Telco_A;2. 1_month_to_1_year
ABC0573;Collectability 3;33;147;314;201;Telco_C;4. 2_to_5_years
ABC0574;Collectability 3;55;350;201;137;Telco_A;2. 1_month_to_1_year
ABC0575;Collectability 3;45;176;81;163;Telco_A;5. More5_years
ABC0576;Collectability 1;4;0;411;146;Telco_A;3. 1_to_2_years
ABC0577;Collectability 3;6;8;376;73;Telco_B;1. Less_1_month
ABC0578;Collectability 1;11;0;155;322;Telco_C;3. 1_to_2_years
ABC0579;Collectability 1;26;0;346;100;Telco_E;3. 1_to_2_years
ABC0580;Collectability 3;40;13;475;345;Telco_C;4. 2_to_5_years
ABC0581;Collectability 1;87;0;468;87;Telco_C;1. Less_1_month
ABC0582;Collectability 1;38;0;534;234;Telco_A;5. More5_years
ABC0583;Collectability 3;8;55;519;183;Telco_A;3. 1_to_2_years
ABC0584;Collectability 3;89;239;555;71;Telco_E;3. 1_to_2_years
ABC0585;Collectability 3;29;166;663;58;Telco_A;2. 1_month_to_1_year
ABC0586;Collectability 3;71;356;184;76;Telco_C;4. 2_to_5_years
ABC0587;Collectability 1;11;0;958;115;Telco_A;3. 1_to_2_years
ABC0588;Collectability 3;37;50;407;112;Telco_A;1. Less_1_month
ABC0589;Collectability 3;69;473;708;278;Telco_C;3. 1_to_2_years
ABC0590;Collectability 1;46;0;351;154;Telco_B;1. Less_1_month
ABC0591;Collectability 1;26;0;774;132;Telco_A;4. 2_to_5_years
ABC0592;Collectability 2;45;327;269;75;Telco_C;4. 2_to_5_years
ABC0593;Collectability 3;33;225;751;150;Telco_A;2. 1_month_to_1_year
ABC0594;Collectability 3;83;2;583;139;Telco_A;3. 1_to_2_years
ABC0595;Collectability 5;110;235;446;197;Telco_D;1. Less_1_month
ABC0596;Collectability 5;49;308;298;129;Telco_B;2. 1_month_to_1_year
ABC0597;Collectability 3;27;11;603;229;Telco_D;2. 1_month_to_1_year
ABC0598;Not Found;0;0;441;166;Telco_C;1. Less_1_month
ABC0599;Collectability 1;30;0;81;251;Telco_D;5. More5_years
ABC0600;Collectability 2;46;75;483;132;Telco_D;5. More5_years
ABC0601;Collectability 3;55;261;341;211;Telco_B;3. 1_to_2_years
ABC0602;Collectability 3;63;161;160;249;Telco_B;1. Less_1_month
ABC0603;Collectability 5;41;180;386;63;Telco_C;3. 1_to_2_years
ABC0604;Collectability 3;74;540;312;225;Telco_E;2. 1_month_to_1_year
ABC0605;Collectability 3;45;230;449;212;Telco_A;5. More5_years
ABC0606;Collectability 5;34;47;221;290;Telco_C;1. Less_1_month
ABC0607;Collectability 1;90;0;519;223;Telco_C;3. 1_to_2_years
ABC0608;Collectability 3;25;22;162;222;Telco_E;4. 2_to_5_years
ABC0609;Collectability 3;51;128;733;115;Telco_C;3. 1_to_2_years
ABC0610;Collectability 3;34;11;595;113;Telco_A;3. 1_to_2_years
ABC0611;Collectability 3;53;59;559;105;Telco_A;1. Less_1_month
ABC0612;Collectability 3;79;622;764;91;Telco_A;2. 1_month_to_1_year
ABC0613;Collectability 3;34;237;776;314;Telco_A;2. 1_month_to_1_year
ABC0614;Collectability 5;45;4;21;146;Telco_C;1. Less_1_month
ABC0615;Collectability 2;55;204;581;245;Telco_C;4. 2_to_5_years
ABC0616;Not Found;0;0;465;253;Telco_E;2. 1_month_to_1_year
ABC0617;Collectability 2;15;41;426;170;Telco_A;1. Less_1_month
ABC0618;Collectability 1;54;0;491;141;Telco_A;5. More5_years
ABC0619;Collectability 3;90;152;69;297;Telco_D;1. Less_1_month
ABC0620;Collectability 3;38;112;145;192;Telco_B;1. Less_1_month
ABC0621;Collectability 1;50;0;426;321;Telco_D;4. 2_to_5_years
ABC0622;Collectability 1;26;0;347;114;Telco_A;5. More5_years
ABC0623;Collectability 3;62;357;386;268;Telco_A;3. 1_to_2_years
ABC0624;Collectability 3;8;19;403;326;Telco_B;2. 1_month_to_1_year
ABC0625;Collectability 3;28;10;508;188;Telco_D;4. 2_to_5_years
ABC0626;Collectability 3;41;43;682;186;Telco_A;4. 2_to_5_years
ABC0627;Collectability 3;44;301;523;54;Telco_A;2. 1_month_to_1_year
ABC0628;Collectability 5;103;563;263;77;Telco_A;5. More5_years
ABC0629;Collectability 1;95;67;217;262;Telco_E;1. Less_1_month
ABC0630;Collectability 3;15;55;137;309;Telco_A;5. More5_years
ABC0631;Collectability 3;55;37;585;148;Telco_A;1. Less_1_month
ABC0632;Collectability 5;96;397;267;100;Telco_C;1. Less_1_month
ABC0633;Collectability 3;40;17;742;291;Telco_A;2. 1_month_to_1_year
ABC0634;Collectability 3;72;402;47;166;Telco_B;1. Less_1_month
ABC0635;Collectability 3;44;6;197;267;Telco_C;2. 1_month_to_1_year
ABC0636;Collectability 3;10;34;740;136;Telco_B;1. Less_1_month
ABC0637;Collectability 4;52;94;543;178;Telco_C;1. Less_1_month
ABC0638;Collectability 2;26;32;258;313;Telco_E;1. Less_1_month
ABC0639;Collectability 3;34;235;527;105;Telco_A;1. Less_1_month
ABC0640;Collectability 2;73;7;873;293;Telco_E;4. 2_to_5_years
ABC0641;Collectability 3;92;123;240;92;Telco_D;4. 2_to_5_years
ABC0642;Collectability 3;35;2;290;343;Telco_A;3. 1_to_2_years
ABC0643;Collectability 3;55;327;650;250;Telco_B;3. 1_to_2_years
ABC0644;Collectability 1;6;0;260;196;Telco_C;3. 1_to_2_years
ABC0645;Collectability 1;65;0;93;80;Telco_C;3. 1_to_2_years
ABC0646;Collectability 2;17;51;488;213;Telco_E;1. Less_1_month
ABC0647;Not Found;0;0;739;199;Telco_C;5. More5_years
ABC0648;Collectability 3;106;684;375;117;Telco_A;2. 1_month_to_1_year
ABC0649;Collectability 3;66;432;292;260;Telco_D;1. Less_1_month
ABC0650;Collectability 3;89;117;112;195;Telco_A;1. Less_1_month
ABC0651;Collectability 3;34;93;455;88;Telco_E;1. Less_1_month
ABC0652;Collectability 3;11;43;567;74;Telco_B;3. 1_to_2_years
ABC0653;Collectability 3;80;0;444;170;Telco_A;1. Less_1_month
ABC0654;Collectability 2;54;241;337;55;Telco_E;4. 2_to_5_years
ABC0655;Collectability 1;7;0;499;302;Telco_A;1. Less_1_month
ABC0656;Collectability 3;53;177;62;200;Telco_B;5. More5_years
ABC0657;Collectability 3;109;678;304;271;Telco_A;3. 1_to_2_years
ABC0658;Collectability 3;34;146;713;285;Telco_E;3. 1_to_2_years
ABC0659;Not Found;0;0;133;283;Telco_D;3. 1_to_2_years
ABC0660;Collectability 1;38;0;525;318;Telco_C;5. More5_years
ABC0661;Collectability 3;30;4;278;122;Telco_A;1. Less_1_month
ABC0662;Collectability 4;74;606;555;122;Telco_B;1. Less_1_month
ABC0663;Collectability 3;53;107;385;193;Telco_A;4. 2_to_5_years
ABC0664;Collectability 2;47;242;569;88;Telco_B;5. More5_years
ABC0665;Collectability 1;80;0;509;324;Telco_B;1. Less_1_month
ABC0666;Collectability 1;60;0;490;165;Telco_D;1. Less_1_month
ABC0667;Collectability 5;39;229;374;193;Telco_C;1. Less_1_month
ABC0668;Collectability 5;6;40;424;173;Telco_A;1. Less_1_month
ABC0669;Collectability 1;84;0;973;127;Telco_A;4. 2_to_5_years
ABC0670;Collectability 1;9;0;770;307;Telco_D;1. Less_1_month
ABC0671;Collectability 1;88;0;918;299;Telco_A;4. 2_to_5_years
ABC0672;Collectability 3;53;379;353;145;Telco_E;5. More5_years
ABC0673;Collectability 3;36;165;724;200;Telco_A;5. More5_years
ABC0674;Collectability 1;83;0;434;313;Telco_A;4. 2_to_5_years
ABC0675;Collectability 2;74;430;177;189;Telco_C;4. 2_to_5_years
ABC0676;Collectability 1;66;0;804;201;Telco_A;4. 2_to_5_years
ABC0677;Collectability 1;87;0;411;99;Telco_D;5. More5_years
ABC0678;Collectability 3;74;546;739;165;Telco_A;3. 1_to_2_years
ABC0679;Collectability 3;23;133;712;162;Telco_D;5. More5_years
ABC0680;Collectability 3;41;216;613;59;Telco_A;3. 1_to_2_years
ABC0681;Collectability 3;29;54;249;190;Telco_A;1. Less_1_month
ABC0682;Collectability 3;50;150;7;341;Telco_B;4. 2_to_5_years
ABC0683;Collectability 2;27;104;888;183;Telco_A;5. More5_years
ABC0684;Collectability 1;73;0;207;239;Telco_C;5. More5_years
ABC0685;Collectability 2;37;43;72;174;Telco_E;2. 1_month_to_1_year
ABC0686;Collectability 3;40;286;44;343;Telco_E;2. 1_month_to_1_year
ABC0687;Collectability 1;64;0;388;84;Telco_A;4. 2_to_5_years
ABC0688;Collectability 2;74;287;824;106;Telco_E;1. Less_1_month
ABC0689;Collectability 3;52;111;189;148;Telco_A;1. Less_1_month
ABC0690;Collectability 3;26;110;489;151;Telco_A;1. Less_1_month
ABC0691;Collectability 1;99;0;716;134;Telco_A;4. 2_to_5_years
ABC0692;Collectability 3;13;48;59;232;Telco_A;3. 1_to_2_years
ABC0693;Collectability 3;31;35;395;53;Telco_A;3. 1_to_2_years
ABC0694;Collectability 1;78;0;955;129;Telco_B;4. 2_to_5_years
ABC0695;Collectability 3;47;144;375;110;Telco_C;1. Less_1_month
ABC0696;Collectability 3;53;143;431;289;Telco_B;5. More5_years
ABC0697;Collectability 3;18;23;504;186;Telco_B;3. 1_to_2_years
ABC0698;Collectability 1;75;0;292;97;Telco_A;1. Less_1_month
ABC0699;Collectability 1;75;0;908;119;Telco_D;2. 1_month_to_1_year
ABC0700;Collectability 3;17;49;579;329;Telco_A;5. More5_years
ABC0701;Collectability 3;78;142;709;252;Telco_B;3. 1_to_2_years
ABC0702;Collectability 1;62;0;713;192;Telco_E;4. 2_to_5_years
ABC0703;Collectability 3;32;677;184;177;Telco_A;4. 2_to_5_years
ABC0704;Collectability 2;51;372;499;132;Telco_C;5. More5_years
ABC0705;Collectability 3;10;65;505;284;Telco_C;2. 1_month_to_1_year
ABC0706;Collectability 3;41;232;492;81;Telco_A;3. 1_to_2_years
ABC0707;Collectability 3;105;731;133;149;Telco_E;1. Less_1_month
ABC0708;Not Found;0;0;43;276;Telco_B;1. Less_1_month
ABC0709;Collectability 3;41;114;41;185;Telco_A;3. 1_to_2_years
ABC0710;Collectability 3;13;94;126;154;Telco_A;5. More5_years
ABC0711;Collectability 1;42;0;804;225;Telco_C;5. More5_years
ABC0712;Collectability 5;31;87;362;114;Telco_A;3. 1_to_2_years
ABC0713;Collectability 3;16;15;70;90;Telco_C;4. 2_to_5_years
ABC0714;Collectability 1;25;0;509;287;Telco_B;5. More5_years
ABC0715;Collectability 3;27;66;303;165;Telco_E;2. 1_month_to_1_year
ABC0716;Collectability 1;91;0;676;83;Telco_C;3. 1_to_2_years
ABC0717;Collectability 1;21;0;965;260;Telco_C;2. 1_month_to_1_year
ABC0718;Collectability 3;30;0;34;246;Telco_C;5. More5_years
ABC0719;Collectability 1;94;0;958;54;Telco_C;3. 1_to_2_years
ABC0720;Not Found;0;0;229;261;Telco_D;1. Less_1_month
ABC0721;Not Found;0;0;501;167;Telco_A;3. 1_to_2_years
ABC0722;Collectability 5;99;135;154;279;Telco_A;2. 1_month_to_1_year
ABC0723;Collectability 3;22;95;757;163;Telco_A;1. Less_1_month
ABC0724;Collectability 3;48;343;145;67;Telco_B;3. 1_to_2_years
ABC0725;Collectability 3;107;597;370;234;Telco_A;5. More5_years
ABC0726;Collectability 1;71;0;27;161;Telco_A;4. 2_to_5_years
ABC0727;Collectability 1;24;2333;805;264;Telco_B;4. 2_to_5_years
ABC0728;Collectability 3;32;50;771;67;Telco_D;1. Less_1_month
ABC0729;Collectability 5;19;126;342;206;Telco_E;1. Less_1_month
ABC0730;Collectability 1;48;0;184;197;Telco_A;4. 2_to_5_years
ABC0731;Collectability 2;8;45;102;116;Telco_D;3. 1_to_2_years
ABC0732;Collectability 3;46;18;720;290;Telco_D;5. More5_years
ABC0733;Collectability 3;30;223;466;69;Telco_B;4. 2_to_5_years
ABC0734;Collectability 3;17;126;97;325;Telco_A;2. 1_month_to_1_year
ABC0735;Collectability 1;94;0;916;324;Telco_A;3. 1_to_2_years
ABC0736;Collectability 5;25;83;385;282;Telco_E;1. Less_1_month
ABC0737;Collectability 3;88;427;138;139;Telco_D;4. 2_to_5_years
ABC0738;Collectability 3;55;231;390;349;Telco_C;4. 2_to_5_years
ABC0739;Collectability 1;98;0;390;217;Telco_A;5. More5_years
ABC0740;Not Found;0;0;598;53;Telco_A;1. Less_1_month
ABC0741;Collectability 5;54;122;129;335;Telco_D;3. 1_to_2_years
ABC0742;Collectability 5;44;20;164;141;Telco_B;1. Less_1_month
ABC0743;Collectability 3;21;12;239;51;Telco_C;1. Less_1_month
ABC0744;Collectability 5;27;127;59;173;Telco_C;1. Less_1_month
ABC0745;Collectability 1;74;0;409;279;Telco_E;1. Less_1_month
ABC0746;Collectability 1;3;0;355;151;Telco_A;3. 1_to_2_years
ABC0747;Collectability 3;21;23;223;55;Telco_A;5. More5_years
ABC0748;Collectability 3;21;128;394;211;Telco_A;3. 1_to_2_years
ABC0749;Collectability 3;48;17;578;249;Telco_D;1. Less_1_month
ABC0750;Collectability 3;35;6;210;220;Telco_A;5. More5_years
ABC0751;Collectability 3;34;215;740;89;Telco_A;5. More5_years
ABC0752;Collectability 3;80;147;90;114;Telco_A;3. 1_to_2_years
ABC0753;Collectability 3;107;53;36;176;Telco_A;3. 1_to_2_years
ABC0754;Collectability 1;24;0;378;313;Telco_D;4. 2_to_5_years
ABC0755;Collectability 2;32;45;404;277;Telco_B;1. Less_1_month
ABC0756;Collectability 3;95;303;763;188;Telco_C;1. Less_1_month
ABC0757;Collectability 1;68;0;365;312;Telco_A;1. Less_1_month
ABC0758;Collectability 1;7;0;888;52;Telco_A;5. More5_years
ABC0759;Collectability 3;33;220;615;338;Telco_C;2. 1_month_to_1_year
ABC0760;Collectability 1;38;0;386;71;Telco_B;4. 2_to_5_years
ABC0761;Collectability 1;73;2417;424;269;Telco_B;1. Less_1_month
ABC0762;Collectability 1;9;0;605;300;Telco_D;2. 1_month_to_1_year
ABC0763;Collectability 3;25;69;587;52;Telco_B;3. 1_to_2_years
ABC0764;Collectability 1;27;0;910;191;Telco_D;1. Less_1_month
ABC0765;Collectability 1;21;0;476;333;Telco_A;1. Less_1_month
ABC0766;Collectability 3;8;43;371;282;Telco_B;2. 1_month_to_1_year
ABC0767;Collectability 3;44;79;316;131;Telco_C;2. 1_month_to_1_year
ABC0768;Collectability 3;44;351;126;164;Telco_B;1. Less_1_month
ABC0769;Collectability 1;2;0;746;165;Telco_B;4. 2_to_5_years
ABC0770;Collectability 1;56;0;283;331;Telco_A;5. More5_years
ABC0771;Collectability 3;51;405;331;322;Telco_A;1. Less_1_month
ABC0772;Collectability 1;92;0;650;200;Telco_A;1. Less_1_month
ABC0773;Collectability 1;5;0;203;66;Telco_C;5. More5_years
ABC0774;Collectability 1;86;0;55;246;Telco_D;1. Less_1_month
ABC0775;Collectability 1;20;0;810;292;Telco_A;1. Less_1_month
ABC0776;Collectability 3;94;579;501;159;Telco_C;3. 1_to_2_years
ABC0777;Collectability 1;47;0;163;338;Telco_A;3. 1_to_2_years
ABC0778;Collectability 3;12;64;373;295;Telco_A;1. Less_1_month
ABC0779;Collectability 1;59;0;923;91;Telco_A;2. 1_month_to_1_year
ABC0780;Collectability 3;28;163;744;126;Telco_D;4. 2_to_5_years
ABC0781;Collectability 1;0;0;930;137;Telco_E;3. 1_to_2_years
ABC0782;Collectability 1;79;0;398;108;Telco_D;4. 2_to_5_years
ABC0783;Not Found;0;0;40;192;Telco_B;5. More5_years
ABC0784;Collectability 3;87;314;403;273;Telco_B;5. More5_years
ABC0785;Collectability 3;53;317;338;337;Telco_C;2. 1_month_to_1_year
ABC0786;Collectability 3;38;244;532;95;Telco_C;1. Less_1_month
ABC0787;Collectability 3;32;60;209;170;Telco_A;4. 2_to_5_years
ABC0788;Collectability 1;56;0;280;294;Telco_A;1. Less_1_month
ABC0789;Collectability 2;58;320;553;180;Telco_E;2. 1_month_to_1_year
ABC0790;Collectability 1;57;0;267;163;Telco_E;1. Less_1_month
ABC0791;Collectability 3;30;161;437;125;Telco_A;5. More5_years
ABC0792;Collectability 3;36;160;381;268;Telco_C;3. 1_to_2_years
ABC0793;Collectability 1;55;0;188;312;Telco_A;1. Less_1_month
ABC0794;Collectability 3;21;119;604;137;Telco_D;2. 1_month_to_1_year
ABC0795;Collectability 3;43;190;734;230;Telco_C;1. Less_1_month
ABC0796;Collectability 3;45;68;443;273;Telco_A;1. Less_1_month
ABC0797;Collectability 3;19;31;51;191;Telco_D;3. 1_to_2_years
ABC0798;Collectability 1;91;0;299;61;Telco_A;3. 1_to_2_years
ABC0799;Collectability 2;44;220;390;350;Telco_A;5. More5_years
ABC0800;Collectability 3;38;159;729;285;Telco_B;3. 1_to_2_years
ABC0801;Collectability 1;69;0;1;85;Telco_C;1. Less_1_month
ABC0802;Collectability 1;26;0;58;194;Telco_D;2. 1_month_to_1_year
ABC0803;Collectability 1;72;0;682;198;Telco_D;2. 1_month_to_1_year
ABC0804;Collectability 1;48;0;850;315;Telco_B;4. 2_to_5_years
ABC0805;Collectability 3;15;87;335;240;Telco_A;5. More5_years
ABC0806;Collectability 3;101;473;298;101;Telco_E;1. Less_1_month
ABC0807;Collectability 3;43;277;96;137;Telco_B;4. 2_to_5_years
ABC0808;Collectability 1;97;0;12;144;Telco_A;4. 2_to_5_years
ABC0809;Collectability 5;39;193;468;300;Telco_E;5. More5_years
ABC0810;Not Found;0;0;164;190;Telco_B;4. 2_to_5_years
ABC0811;Collectability 3;28;121;539;91;Telco_A;3. 1_to_2_years
ABC0812;Collectability 3;19;48;0;337;Telco_A;5. More5_years
ABC0813;Collectability 1;91;0;771;86;Telco_E;5. More5_years
ABC0814;Collectability 3;51;197;413;101;Telco_E;1. Less_1_month
ABC0815;Collectability 3;26;20;108;265;Telco_E;1. Less_1_month
ABC0816;Collectability 2;9;37;695;87;Telco_E;1. Less_1_month
ABC0817;Collectability 3;53;68;464;330;Telco_B;4. 2_to_5_years
ABC0818;Collectability 1;70;0;439;201;Telco_A;2. 1_month_to_1_year
ABC0819;Collectability 3;41;47;121;191;Telco_E;2. 1_month_to_1_year
ABC0820;Collectability 3;26;176;374;81;Telco_D;2. 1_month_to_1_year
ABC0821;Collectability 3;52;422;261;242;Telco_A;4. 2_to_5_years
ABC0822;Collectability 3;31;172;426;94;Telco_A;4. 2_to_5_years
ABC0823;Collectability 3;26;187;659;172;Telco_A;5. More5_years
ABC0824;Collectability 1;55;0;295;133;Telco_B;1. Less_1_month
ABC0825;Collectability 1;26;0;703;333;Telco_C;2. 1_month_to_1_year
ABC0826;Collectability 1;67;0;3;133;Telco_C;5. More5_years
ABC0827;Collectability 1;74;0;38;226;Telco_A;4. 2_to_5_years
ABC0828;Not Found;0;0;743;204;Telco_A;2. 1_month_to_1_year
ABC0829;Collectability 3;86;389;646;63;Telco_A;5. More5_years
ABC0830;Collectability 2;42;284;7;53;Telco_E;4. 2_to_5_years
ABC0831;Collectability 2;50;12;368;89;Telco_D;2. 1_month_to_1_year
ABC0832;Collectability 3;63;341;482;183;Telco_D;1. Less_1_month
ABC0833;Not Found;0;0;102;157;Telco_E;2. 1_month_to_1_year
ABC0834;Collectability 3;43;210;80;266;Telco_C;1. Less_1_month
ABC0835;Collectability 3;41;15;435;132;Telco_A;5. More5_years
ABC0836;Not Found;0;0;185;250;Telco_B;2. 1_month_to_1_year
ABC0837;Collectability 3;47;92;11;153;Telco_A;5. More5_years
ABC0838;Collectability 3;24;179;281;247;Telco_A;1. Less_1_month
ABC0839;Collectability 1;37;0;416;337;Telco_C;3. 1_to_2_years
ABC0840;Collectability 1;9;167;240;309;Telco_A;5. More5_years
ABC0841;Collectability 3;107;25;197;75;Telco_E;1. Less_1_month
ABC0842;Collectability 2;26;82;653;188;Telco_D;4. 2_to_5_years
ABC0843;Collectability 3;21;2;682;293;Telco_C;1. Less_1_month
ABC0844;Collectability 5;12;69;213;83;Telco_D;5. More5_years
ABC0845;Collectability 3;44;189;176;244;Telco_D;5. More5_years
ABC0846;Collectability 3;27;218;136;332;Telco_D;3. 1_to_2_years
ABC0847;Collectability 3;58;147;612;187;Telco_C;2. 1_month_to_1_year
ABC0848;Collectability 3;8;48;307;286;Telco_C;1. Less_1_month
ABC0849;Collectability 3;21;40;201;333;Telco_A;3. 1_to_2_years
ABC0850;Collectability 3;51;305;670;59;Telco_A;1. Less_1_month
ABC0851;Collectability 1;17;0;776;144;Telco_A;4. 2_to_5_years
ABC0852;Collectability 1;47;0;695;264;Telco_D;3. 1_to_2_years
ABC0853;Collectability 1;64;0;781;192;Telco_A;1. Less_1_month
ABC0854;Collectability 5;66;388;442;107;Telco_D;1. Less_1_month
ABC0855;Collectability 2;6;12;48;305;Telco_A;4. 2_to_5_years
ABC0856;Collectability 3;14;63;156;158;Telco_D;5. More5_years
ABC0857;Collectability 3;6;8;213;300;Telco_A;1. Less_1_month
ABC0858;Collectability 1;21;0;231;277;Telco_A;4. 2_to_5_years
ABC0859;Collectability 3;62;443;375;99;Telco_B;1. Less_1_month
ABC0860;Collectability 3;37;88;519;323;Telco_B;3. 1_to_2_years
ABC0861;Collectability 1;48;0;291;207;Telco_A;1. Less_1_month
ABC0862;Collectability 2;72;123;887;300;Telco_A;4. 2_to_5_years
ABC0863;Collectability 3;32;102;18;182;Telco_C;4. 2_to_5_years
ABC0864;Collectability 1;55;0;665;62;Telco_C;5. More5_years
ABC0865;Collectability 3;66;116;222;199;Telco_A;5. More5_years
ABC0866;Collectability 3;25;154;400;336;Telco_B;2. 1_month_to_1_year
ABC0867;Collectability 3;26;178;669;188;Telco_C;2. 1_month_to_1_year
ABC0868;Collectability 1;86;0;556;213;Telco_A;4. 2_to_5_years
ABC0869;Collectability 3;45;74;277;105;Telco_E;2. 1_month_to_1_year
ABC0870;Collectability 3;28;23;282;137;Telco_A;4. 2_to_5_years
ABC0871;Collectability 2;15;18;359;300;Telco_E;5. More5_years
ABC0872;Collectability 1;17;0;942;291;Telco_A;1. Less_1_month
ABC0873;Collectability 1;89;0;468;183;Telco_A;4. 2_to_5_years
ABC0874;Collectability 3;8;21;550;252;Telco_A;1. Less_1_month
ABC0875;Collectability 3;24;171;475;314;Telco_A;4. 2_to_5_years
ABC0876;Collectability 1;372;500;961;344;Telco_B;4. 2_to_5_years
ABC0877;Collectability 5;26;77;117;292;Telco_D;3. 1_to_2_years
ABC0878;Collectability 3;16;117;349;89;Telco_E;1. Less_1_month
ABC0879;Collectability 3;0;0;16;87;Telco_B;2. 1_month_to_1_year
ABC0880;Collectability 1;80;0;406;104;Telco_A;1. Less_1_month
ABC0881;Collectability 3;48;389;488;114;Telco_D;4. 2_to_5_years
ABC0882;Collectability 3;22;67;697;335;Telco_C;5. More5_years
ABC0883;Collectability 1;27;0;240;131;Telco_A;4. 2_to_5_years
ABC0884;Collectability 1;81;0;131;180;Telco_D;2. 1_month_to_1_year
ABC0885;Collectability 3;18;41;174;110;Telco_D;2. 1_month_to_1_year
ABC0886;Collectability 3;62;223;30;132;Telco_A;2. 1_month_to_1_year
ABC0887;Collectability 1;13;0;568;278;Telco_A;1. Less_1_month
ABC0888;Collectability 3;28;79;325;78;Telco_E;3. 1_to_2_years
ABC0889;Collectability 1;36;0;793;322;Telco_E;5. More5_years
ABC0890;Collectability 5;10;76;473;118;Telco_C;1. Less_1_month
ABC0891;Collectability 1;67;0;909;309;Telco_D;4. 2_to_5_years
ABC0892;Collectability 1;20;0;953;249;Telco_A;3. 1_to_2_years
ABC0893;Collectability 1;83;0;375;152;Telco_A;4. 2_to_5_years
ABC0894;Collectability 1;39;0;983;99;Telco_A;2. 1_month_to_1_year
ABC0895;Collectability 1;27;0;120;236;Telco_C;4. 2_to_5_years
ABC0896;Collectability 2;35;272;774;297;Telco_E;5. More5_years
ABC0897;Collectability 3;24;110;137;154;Telco_D;3. 1_to_2_years
ABC0898;Collectability 1;63;0;81;213;Telco_A;5. More5_years
ABC0899;Collectability 3;23;27;347;126;Telco_A;4. 2_to_5_years
ABC0900;Collectability 3;55;23;688;134;Telco_C;1. Less_1_month
ABC0901;Collectability 1;98;0;93;133;Telco_A;5. More5_years
ABC0902;Collectability 1;23;0;445;305;Telco_C;1. Less_1_month
ABC0903;Collectability 1;66;0;793;68;Telco_E;3. 1_to_2_years
ABC0904;Collectability 3;50;52;663;67;Telco_A;1. Less_1_month
ABC0905;Collectability 3;53;126;26;75;Telco_D;4. 2_to_5_years
ABC0906;Collectability 3;14;111;202;217;Telco_B;1. Less_1_month
ABC0907;Collectability 3;40;326;82;109;Telco_D;2. 1_month_to_1_year
ABC0908;Collectability 3;35;227;204;231;Telco_E;2. 1_month_to_1_year
ABC0909;Collectability 2;30;82;64;135;Telco_A;2. 1_month_to_1_year
ABC0910;Collectability 3;11;26;428;315;Telco_B;5. More5_years
ABC0911;Collectability 2;18;67;275;270;Telco_A;3. 1_to_2_years
ABC0912;Collectability 1;37;0;37;153;Telco_D;1. Less_1_month
ABC0913;Collectability 3;49;254;129;284;Telco_D;4. 2_to_5_years
ABC0914;Collectability 3;47;190;155;216;Telco_A;1. Less_1_month
ABC0915;Collectability 5;104;272;492;203;Telco_C;1. Less_1_month
ABC0916;Not Found;0;0;546;208;Telco_E;1. Less_1_month
ABC0917;Collectability 3;42;26;746;74;Telco_A;1. Less_1_month
ABC0918;Collectability 3;28;144;606;204;Telco_A;2. 1_month_to_1_year
ABC0919;Collectability 3;31;117;260;134;Telco_D;1. Less_1_month
ABC0920;Collectability 3;75;237;504;207;Telco_D;3. 1_to_2_years
ABC0921;Collectability 1;81;0;74;262;Telco_A;2. 1_month_to_1_year
ABC0922;Collectability 2;25;41;677;338;Telco_E;5. More5_years
ABC0923;Collectability 3;48;331;371;148;Telco_B;5. More5_years
ABC0924;Collectability 3;50;155;587;101;Telco_A;5. More5_years
ABC0925;Collectability 5;18;30;20;206;Telco_D;2. 1_month_to_1_year
ABC0926;Collectability 5;79;576;320;204;Telco_A;1. Less_1_month
ABC0927;Collectability 1;43;0;852;274;Telco_D;4. 2_to_5_years
ABC0928;Collectability 3;26;145;74;297;Telco_A;4. 2_to_5_years
ABC0929;Collectability 3;42;165;5;86;Telco_C;2. 1_month_to_1_year
ABC0930;Collectability 2;8;52;346;67;Telco_B;1. Less_1_month
ABC0931;Collectability 3;44;284;112;330;Telco_C;5. More5_years
ABC0932;Collectability 3;15;117;372;162;Telco_B;1. Less_1_month
ABC0933;Collectability 1;70;0;261;105;Telco_A;4. 2_to_5_years
ABC0934;Collectability 1;40;0;5;271;Telco_B;5. More5_years
ABC0935;Collectability 3;15;45;749;264;Telco_B;4. 2_to_5_years
ABC0936;Collectability 2;39;204;544;124;Telco_A;3. 1_to_2_years
ABC0937;Collectability 3;100;631;326;210;Telco_B;1. Less_1_month
ABC0938;Collectability 3;53;121;104;313;Telco_B;2. 1_month_to_1_year
ABC0939;Collectability 4;97;226;78;177;Telco_E;5. More5_years
ABC0940;Collectability 1;61;0;305;308;Telco_C;5. More5_years
ABC0941;Collectability 3;46;147;260;77;Telco_A;4. 2_to_5_years
ABC0942;Collectability 3;39;202;365;324;Telco_A;3. 1_to_2_years
ABC0943;Collectability 3;31;17;639;131;Telco_D;1. Less_1_month
ABC0944;Collectability 1;56;0;528;59;Telco_A;5. More5_years
ABC0945;Collectability 3;20;27;462;314;Telco_B;5. More5_years
ABC0946;Not Found;0;0;287;206;Telco_E;1. Less_1_month
ABC0947;Collectability 5;95;689;177;264;Telco_A;1. Less_1_month
ABC0948;Collectability 3;11;12;29;143;Telco_A;2. 1_month_to_1_year
ABC0949;Collectability 3;65;65;485;108;Telco_D;1. Less_1_month
ABC0950;Collectability 3;83;519;609;68;Telco_A;2. 1_month_to_1_year
ABC0951;Collectability 1;84;0;654;166;Telco_D;4. 2_to_5_years
ABC0952;Collectability 2;39;196;878;205;Telco_E;5. More5_years
ABC0953;Collectability 3;97;278;327;287;Telco_D;5. More5_years
ABC0954;Collectability 3;46;356;517;130;Telco_E;3. 1_to_2_years
ABC0955;Collectability 3;53;406;364;229;Telco_B;4. 2_to_5_years
ABC0956;Collectability 1;35;0;478;117;Telco_A;5. More5_years
ABC0957;Collectability 1;50;0;111;348;Telco_A;2. 1_month_to_1_year
ABC0958;Collectability 1;20;0;127;284;Telco_A;4. 2_to_5_years
ABC0959;Collectability 3;40;116;31;211;Telco_A;5. More5_years
ABC0960;Collectability 3;55;85;185;346;Telco_D;1. Less_1_month
ABC0961;Collectability 1;83;0;591;235;Telco_A;3. 1_to_2_years
ABC0962;Collectability 2;47;343;182;244;Telco_C;1. Less_1_month
ABC0963;Collectability 3;6;37;702;171;Telco_A;5. More5_years
ABC0964;Collectability 3;81;60;568;168;Telco_C;3. 1_to_2_years
ABC0965;Collectability 3;6;40;561;253;Telco_A;4. 2_to_5_years
ABC0966;Collectability 3;49;214;526;174;Telco_C;1. Less_1_month
ABC0967;Collectability 1;42;0;908;274;Telco_C;1. Less_1_month
ABC0968;Collectability 3;26;215;633;280;Telco_A;3. 1_to_2_years
ABC0969;Collectability 3;47;349;565;117;Telco_A;1. Less_1_month
ABC0970;Collectability 1;36;0;131;123;Telco_B;5. More5_years
ABC0971;Collectability 3;110;46;516;346;Telco_A;3. 1_to_2_years
ABC0972;Collectability 3;39;292;528;291;Telco_C;3. 1_to_2_years
ABC0973;Collectability 5;73;384;374;164;Telco_C;1. Less_1_month
ABC0974;Collectability 4;92;125;627;300;Telco_E;2. 1_month_to_1_year
ABC0975;Not Found;0;0;605;118;Telco_D;4. 2_to_5_years
ABC0976;Collectability 3;13;16;192;316;Telco_A;1. Less_1_month
ABC0977;Collectability 3;45;151;134;234;Telco_A;3. 1_to_2_years
ABC0978;Collectability 2;25;51;458;169;Telco_C;1. Less_1_month
ABC0979;Collectability 2;77;133;610;139;Telco_D;2. 1_month_to_1_year
ABC0980;Collectability 5;35;70;201;185;Telco_A;2. 1_month_to_1_year
ABC0981;Collectability 1;68;0;723;167;Telco_D;1. Less_1_month
ABC0982;Collectability 3;23;96;71;61;Telco_A;1. Less_1_month
ABC0983;Collectability 3;41;330;201;239;Telco_A;5. More5_years
ABC0984;Collectability 3;22;119;76;144;Telco_E;3. 1_to_2_years
ABC0985;Collectability 1;26;0;468;266;Telco_A;2. 1_month_to_1_year
ABC0986;Collectability 1;36;0;626;153;Telco_A;1. Less_1_month
ABC0987;Not Found;0;0;100;324;Telco_E;5. More5_years
ABC0988;Collectability 3;22;165;174;215;Telco_B;1. Less_1_month
ABC0989;Collectability 3;39;14;335;222;Telco_D;4. 2_to_5_years
ABC0990;Collectability 1;65;0;813;346;Telco_C;4. 2_to_5_years
ABC0991;Collectability 1;99;0;790;120;Telco_B;1. Less_1_month
ABC0992;Collectability 5;54;37;260;231;Telco_A;3. 1_to_2_years
ABC0993;Collectability 3;35;292;590;221;Telco_C;1. Less_1_month
ABC0994;Collectability 3;14;4;62;259;Telco_A;5. More5_years
ABC0995;Collectability 3;25;28;160;132;Telco_A;1. Less_1_month
ABC0996;Collectability 3;53;428;347;304;Telco_A;3. 1_to_2_years
ABC0997;Collectability 3;54;220;650;306;Telco_A;3. 1_to_2_years
ABC0998;Collectability 3;18;49;374;69;Telco_B;2. 1_month_to_1_year
ABC0999;Collectability 3;75;549;328;63;Telco_E;4. 2_to_5_years
ABC1000;Collectability 1;61;0;293;149;Telco_A;5. More5_years
